"name","industry","size","remotePolicy","priority","status","notes"
"Olympus Europa SE & Co. KG","MedTech Systems","","Hybrid / location-dependent","A","Target","Tier: S | Path: CV1 MedTech Systems | HQ/EU office: Hamburg, DE | English: Yes | Why fit: European HQ in Hamburg. Endoscopy + surgical imaging — exact overlap with your LiveSurgery and integrated OR work. Geographic home run. | Likely roles: TPM Surgical / Endoscopy; PM Imaging Systems; Project Manager OR Integration | Apply: olympus-europa.com/careers + LinkedIn"
"Drägerwerk AG & Co. KGaA","MedTech Systems","","Hybrid / location-dependent","A","Target","Tier: S | Path: CV1 MedTech Systems | HQ/EU office: Lübeck, DE (~70 km Hamburg) | English: Mixed/Yes | Why fit: OR ceiling systems, anaesthesia workstations, patient monitoring. Direct fit with your integrated OR delivery experience. | Likely roles: TPM Medical Devices; Product Manager Acute Care; Systems Integration Lead | Apply: draeger.com/careers + LinkedIn"
"Brainlab AG","MedTech Systems","","Hybrid / location-dependent","A","Target","Tier: S | Path: CV1 MedTech Systems | HQ/EU office: Munich, DE | English: Yes | Why fit: Image-guided surgery + digital OR platforms. Explicitly English working language, 100+ nationalities. Exact domain match. | Likely roles: TPM Digital OR; PM Surgical Navigation; Senior PM Image-Guided Therapy | Apply: brainlab.com/careers"
"Siemens Healthineers","MedTech Systems","","Hybrid / location-dependent","A","Target","Tier: S | Path: CV1 MedTech Systems | HQ/EU office: Erlangen, DE (multiple) | English: Yes | Why fit: Imaging + clinical IT + digital health at scale. Global product orgs operate in English. Strong PMs/TPMs in regulated SW. | Likely roles: TPM Diagnostic Imaging; PM Digital Health; PM Clinical Workflow | Apply: siemens-healthineers.com/careers"
"KARL STORZ SE & Co. KG","MedTech Systems","","Hybrid / location-dependent","A","Target","Tier: S | Path: CV1 MedTech Systems | HQ/EU office: Tuttlingen, DE (Berlin office) | English: Mixed | Why fit: Endoscopy + integrated OR (OR1 platform) — direct LiveSurgery parallel. Family-owned, some functions are German-heavy; international product roles are English. | Likely roles: PM Integrated OR; TPM Endoscopy Systems | Apply: karlstorz.com/careers + LinkedIn (filter Berlin/EU + English)"
"Stryker","MedTech Systems","","Hybrid / location-dependent","A","Target","Tier: S | Path: CV1 MedTech Systems | HQ/EU office: Freiburg DE / Amsterdam NL | English: Yes | Why fit: Surgical instruments, neurotech, endoscopy, ASCs. Multiple EU sites. English-first product orgs. | Likely roles: TPM Surgical; PM Endoscopy; PM Neurotechnology | Apply: stryker.com/careers"
"Medtronic","MedTech Systems","","Hybrid / location-dependent","A","Target","Tier: S | Path: CV1 MedTech Systems | HQ/EU office: Maastricht NL / Düsseldorf DE / Galway IE | English: Yes | Why fit: Largest pure MedTech globally. Surgical Robotics (Hugo), Touch Surgery acquired. Strong remote/hybrid PM hiring across EU. | Likely roles: TPM Surgical Robotics; PM Digital Surgery; PM Touch Surgery | Apply: medtronic.com/careers"
"Smith+Nephew","MedTech Systems","","Hybrid / location-dependent","B","Target","Tier: A | Path: CV1 MedTech Systems | HQ/EU office: Hamburg DE / London UK | English: Yes | Why fit: Hamburg presence. Orthopaedics + sports medicine + advanced wound. Real Quan Asia + EU teams. | Likely roles: TPM Orthopaedics; PM Sports Medicine; Project Manager Digital Surgery | Apply: smith-nephew.com/careers"
"B. Braun Melsungen AG","MedTech Systems","","Hybrid / location-dependent","B","Target","Tier: A | Path: CV1 MedTech Systems | HQ/EU office: Melsungen, DE | English: Mixed | Why fit: Largest German MedTech (privately held). Infusion, surgical, dialysis. Some German-dominant functions; product/digital orgs trending English. | Likely roles: TPM Surgical; PM Digital Health; Project Manager OR Solutions | Apply: bbraun.com/careers"
"Getinge AB","MedTech Systems","","Hybrid / location-dependent","B","Target","Tier: A | Path: CV1 MedTech Systems | HQ/EU office: Gothenburg SE / Rastatt DE | English: Yes | Why fit: OR equipment, sterile workflows, surgical tables/lights. Scandinavian = English by default. You already drafted a Getinge-targeted CV. | Likely roles: TPM Surgical Workflows; Senior PM Acute Care | Apply: getinge.com/careers"
"Elekta","MedTech Systems","","Hybrid / location-dependent","B","Target","Tier: A | Path: CV1 MedTech Systems | HQ/EU office: Stockholm SE | English: Yes | Why fit: Radiation oncology + clinical workflow software (MOSAIQ). Image-guided therapy parallels your OR systems work. | Likely roles: TPM Clinical Workflow; PM Oncology Informatics | Apply: elekta.com/careers"
"Carl Zeiss Meditec AG","MedTech Systems","","Hybrid / location-dependent","B","Target","Tier: A | Path: CV1 MedTech Systems | HQ/EU office: Jena/Oberkochen, DE | English: Yes | Why fit: Surgical microscopes (OPMI), ophthalmic systems, intraoperative imaging. Direct overlap with multi-source OR video work. | Likely roles: TPM Surgical Visualization; PM Digital OR; Project Manager Connected Solutions | Apply: zeiss.com/careers"
"Boston Scientific","MedTech Systems","","Hybrid / location-dependent","B","Target","Tier: A | Path: CV1 MedTech Systems | HQ/EU office: Düsseldorf DE / Galway IE | English: Yes | Why fit: Endoscopy, cardiology, neuromodulation. EU PM hiring is steady. English-default. | Likely roles: TPM Endoscopy; PM Image-Guided Therapy | Apply: bostonscientific.com/careers"
"Johnson & Johnson MedTech (Ethicon)","MedTech Systems","","Hybrid / location-dependent","B","Target","Tier: A | Path: CV1 MedTech Systems | HQ/EU office: Norderstedt DE / Diegem BE | English: Yes | Why fit: Surgical platforms (Monarch, OttavaTM, energy devices). Hamburg-area presence via Norderstedt. | Likely roles: TPM Surgical; PM Digital Surgery; PM Energy Devices | Apply: jobs.jnj.com"
"Ambu A/S","MedTech Systems","","Hybrid / location-dependent","B","Target","Tier: A | Path: CV1 MedTech Systems | HQ/EU office: Ballerup, DK | English: Yes | Why fit: Single-use endoscopy — fast-growing, well-funded. Scandinavian English-default. Strong fit for endoscopy systems experience. | Likely roles: PM Endoscopy; PM Digital Solutions | Apply: ambu.com/careers"
"Intuitive Surgical","MedTech Systems","","Hybrid / location-dependent","B","Target","Tier: A | Path: CV1 MedTech Systems | HQ/EU office: Aubonne, CH | English: Yes | Why fit: da Vinci surgical robotics. The single most prestigious surgical platform. EU hiring exists; high bar. | Likely roles: TPM Surgical Robotics; PM Surgical Applications | Apply: intuitive.com/careers"
"Hologic","MedTech Systems","","Hybrid / location-dependent","B","Target","Tier: A | Path: CV1 MedTech Systems | HQ/EU office: Wiesbaden DE / Zaventem BE | English: Yes | Why fit: Women's health imaging, surgical. English working language in EU product orgs. | Likely roles: TPM Imaging Systems; PM Surgical | Apply: hologic.com/careers"
"Varian (Siemens Healthineers)","MedTech Systems","","Hybrid / location-dependent","C","Research","Tier: B | Path: CV1 MedTech Systems | HQ/EU office: Darmstadt DE / Palo Alto US | English: Yes | Why fit: Radiation oncology + treatment planning software. Now Siemens-owned, EU-friendly. | Likely roles: TPM Clinical Software; PM Oncology Workflow | Apply: siemens-healthineers.com/careers (Varian roles)"
"Edwards Lifesciences","MedTech Systems","","Hybrid / location-dependent","C","Research","Tier: B | Path: CV1 MedTech Systems | HQ/EU office: Nyon, CH | English: Yes | Why fit: Structural heart, critical care monitoring. EU product orgs in Switzerland use English. | Likely roles: PM Critical Care; TPM Surgical Heart Valves | Apply: edwards.com/careers"
"Cochlear Ltd","MedTech Systems","","Hybrid / location-dependent","C","Research","Tier: B | Path: CV1 MedTech Systems | HQ/EU office: Hannover DE / Sydney AU | English: Yes | Why fit: Implantable hearing devices. Hannover regional HQ; English-first. | Likely roles: PM Implantable Devices; TPM Connected Care | Apply: cochlear.com/careers"
"Caresyntax","Digital Health / Clinical Data","","Hybrid / location-dependent","A","Target","Tier: S | Path: CV2 Digital Health & Data | HQ/EU office: Berlin DE / SF US | English: Yes | Why fit: Direct Proximie analog. Surgical intelligence platform, OR data, multi-modal analytics. 33+ nationalities, currently hiring Senior PM. Highest single-target fit on this list. | Likely roles: Senior PM Platform; PM Data Products; PM Surgical Intelligence | Apply: caresyntax.com/about/careers + LinkedIn | Special notes: TOP PRIORITY. Mirror your article framing in cover letter."
"Proximie","Digital Health / Clinical Data","","Remote-friendly","A","Target","Tier: S | Path: CV2 Digital Health & Data | HQ/EU office: London UK / Remote | English: Yes | Why fit: The role that triggered this whole exercise. Watch for reopened postings. Use Lee Abrahams (Talent Sr. Manager) as warm contact path. | Likely roles: Senior PM Data; PM Intelligence Suite; PM Surgical Suite | Apply: careers.proximie.com + LinkedIn (Lee Abrahams) | Special notes: Monitor for reopening. Cold outreach to Director of Product with article."
"Theator","Digital Health / Clinical Data","","Hybrid / location-dependent","A","Target","Tier: S | Path: CV2 Digital Health & Data | HQ/EU office: Tel Aviv IL / NY US | English: Yes | Why fit: Surgical Intelligence Platform. AI on surgical video. Direct domain fit. Remote PM roles do appear. | Likely roles: PM Surgical AI; Senior PM Platform; PM Clinical Data | Apply: theator.io/careers"
"Activ Surgical","Digital Health / Clinical Data","","Remote-friendly","A","Target","Tier: S | Path: CV2 Digital Health & Data | HQ/EU office: Boston US / EU remote-friendly | English: Yes | Why fit: Surgical AR/AI overlay platform (ActivSight). Clinical surgical data company. | Likely roles: PM Surgical Software; Senior PM | Apply: activsurgical.com/careers"
"Touch Surgery (Medtronic)","Digital Health / Clinical Data","","Hybrid / location-dependent","A","Target","Tier: S | Path: CV2 Digital Health & Data | HQ/EU office: London UK | English: Yes | Why fit: Acquired by Medtronic. Surgical video AI + training. Sits inside the Medtronic Digital Surgery org. London-based, EU-friendly. | Likely roles: PM Digital Surgery; PM AI / Surgical Video | Apply: medtronic.com/careers (Digital Surgery / Touch Surgery roles)"
"Doctolib","Digital Health / Clinical Data","","Hybrid / location-dependent","A","Target","Tier: S | Path: CV2 Digital Health & Data | HQ/EU office: Berlin DE / Paris FR | English: Yes | Why fit: Europe's largest digital health platform. Big Berlin product org. Hires PMs at all levels in English. | Likely roles: Senior PM; PM Practitioner Solutions; PM Hospital | Apply: careers.doctolib.com"
"Mediaire GmbH","Digital Health / Clinical Data","","Hybrid / location-dependent","B","Target","Tier: A | Path: CV2 Digital Health & Data | HQ/EU office: Berlin DE | English: Yes | Why fit: Clinical AI for MRI (brain). Berlin-based, English-speaking startup. Fast-growing. | Likely roles: PM Clinical AI; Senior PM | Apply: mediaire.de/careers"
"Aidoc","Digital Health / Clinical Data","","Hybrid / location-dependent","B","Target","Tier: A | Path: CV2 Digital Health & Data | HQ/EU office: Tel Aviv IL / Berlin presence | English: Yes | Why fit: Clinical AI / radiology workflow. Hospital-deployed AI at scale. | Likely roles: PM Clinical AI; PM Hospital Workflow | Apply: aidoc.com/careers"
"Apheris","Digital Health / Clinical Data","","Hybrid / location-dependent","B","Target","Tier: A | Path: CV2 Digital Health & Data | HQ/EU office: Berlin DE | English: Yes | Why fit: Federated data platform for healthcare/life sciences — exactly the data-product space. Berlin-based, English-first. | Likely roles: PM Data Products; PM Pharma; Senior PM | Apply: apheris.com/careers"
"Veeva Systems","Digital Health / Clinical Data","","Hybrid / location-dependent","B","Target","Tier: A | Path: CV2 Digital Health & Data | HQ/EU office: Frankfurt/Munich DE / Pleasanton US | English: Yes | Why fit: Life sciences SaaS (clinical, regulatory, commercial). Strong PM org in EU. English-first by default. | Likely roles: PM Vault Clinical; PM Vault MedTech; Senior PM | Apply: veeva.com/careers"
"IQVIA","Digital Health / Clinical Data","","Hybrid / location-dependent","B","Target","Tier: A | Path: CV2 Digital Health & Data | HQ/EU office: Frankfurt DE / multiple EU | English: Yes | Why fit: Real-world evidence and clinical analytics at scale. Massive PM org. Use your CEO + commercial framing. | Likely roles: PM Real-World Solutions; PM Clinical Analytics | Apply: jobs.iqvia.com"
"Flatiron Health (Roche)","Digital Health / Clinical Data","","Hybrid / location-dependent","B","Target","Tier: A | Path: CV2 Digital Health & Data | HQ/EU office: NY US / Berlin presence | English: Yes | Why fit: Oncology RWE platform. The gold standard for data-as-product in healthcare. Roche-owned, EU-friendly hiring. | Likely roles: PM Real-World Evidence; PM Clinical Data | Apply: flatiron.com/careers"
"Tempus AI","Digital Health / Clinical Data","","Remote-friendly","B","Target","Tier: A | Path: CV2 Digital Health & Data | HQ/EU office: Chicago US / EU remote | English: Yes | Why fit: Multi-modal cancer data + AI. Public, growing EU presence. | Likely roles: PM Data Products; PM AI Applications | Apply: tempus.com/careers"
"TriNetX","Digital Health / Clinical Data","","Hybrid / location-dependent","B","Target","Tier: A | Path: CV2 Digital Health & Data | HQ/EU office: Cambridge MA / London / Berlin | English: Yes | Why fit: Global research network on real-world clinical data. Direct OR-data-adjacent. | Likely roles: PM Real-World Data; PM Research Networks | Apply: trinetx.com/careers"
"Datavant","Digital Health / Clinical Data","","Remote-friendly","B","Target","Tier: A | Path: CV2 Digital Health & Data | HQ/EU office: NY US / EU remote | English: Yes | Why fit: The data linkage / tokenisation infrastructure layer. Reference is in your article. Strong analyst-to-operator hires. | Likely roles: PM Data Platform; PM Connectivity | Apply: datavant.com/careers"
"Ada Health","Digital Health / Clinical Data","","Hybrid / location-dependent","B","Target","Tier: A | Path: CV2 Digital Health & Data | HQ/EU office: Berlin DE | English: Yes | Why fit: AI-powered symptom assessment, digital health at scale. Berlin product org, English-first. | Likely roles: PM Clinical AI; Senior PM Patient Experience | Apply: ada.com/careers"
"Kaia Health","Digital Health / Clinical Data","","Hybrid / location-dependent","B","Target","Tier: A | Path: CV2 Digital Health & Data | HQ/EU office: Munich DE / NY US | English: Yes | Why fit: Digital therapeutics (musculoskeletal, COPD). Munich product org in English. | Likely roles: PM Digital Therapeutics; Senior PM | Apply: kaiahealth.com/careers"
"Avi Medical","Digital Health / Clinical Data","","Hybrid / location-dependent","C","Research","Tier: B | Path: CV2 Digital Health & Data | HQ/EU office: Munich DE | English: Mixed | Why fit: Tech-first primary care chain. English in product, German in clinical-facing. Operational data product angle. | Likely roles: PM Clinical Operations; PM Data | Apply: avimedical.com/careers"
"HelloBetter","Digital Health / Clinical Data","","Hybrid / location-dependent","C","Research","Tier: B | Path: CV2 Digital Health & Data | HQ/EU office: Hamburg DE / Berlin DE | English: Mixed | Why fit: Digital therapeutics, Hamburg presence. Smaller team but local-geographic fit. | Likely roles: PM Digital Therapeutics; Senior PM | Apply: hellobetter.de/careers"
"Definitive Healthcare","Digital Health / Clinical Data","","Hybrid / location-dependent","C","Research","Tier: B | Path: CV2 Digital Health & Data | HQ/EU office: Boston US / London UK | English: Yes | Why fit: Healthcare commercial intelligence + data products for life sciences. Data-as-a-product business model — direct mirror of your article thesis. | Likely roles: PM Data Products; Senior PM Analytics | Apply: definitivehc.com/careers"
